"N = 400,000 nolock",Run 1,Run 2,Run 3, Run 4,Avg
Threads: 1,16.5858,15.9542,16.08,15.0658,15.92145
Threads: 5,16.4541,17.2004,16.4738,17.6069,16.9338
Threads: 10,16.7474,16.4156,16.6903,16.695,16.637075
Threads: 15,17.6068,17.6514,17.3332,17.2363,17.456925
Threads: 20,16.6413,17.0635,16.1757,17.1561,16.75915
Threads: 25,19.5608,16.1112,16.5762,16.7637,17.252975
Threads: 30,16.7873,14.5336,16.9211,14.1769,15.604725
